<LevelData>
  <Stats>
    <Tags A="CJD" B="---" C="---" D="---" E="---" F="---" />
	<Secs A="17.33" B="999.99" C="999.99" D="999.99" E="999.99" F="999.99" />
	<Fras A="00306" B="99999" C="99999" D="99999" E="99999" F="99999" />
	<Shts A="009" B="999" C="999" D="999" E="999" F="999" />
  </Stats>
  <PlayerStart>
		<Position x="0" y="2" z="0" />
		<Rotation>0</Rotation>
  </PlayerStart>
  <Goal>
		<Position x="0" y="0" z="55" />
		<Rotation>0</Rotation>
		<Scale x="3" y="100" z="3" />
  </Goal>
  <Platforms>
   <Platform level="1">
		<Position x="0" y="0" z="0" />
		<Rotation>0</Rotation>
		<Scale x="10" y="1" z="10" />
  </Platform>
   <Platform level="1">
		<Position x="0" y="0" z="5" />
		<Rotation>0</Rotation>
		<Scale x="3" y="1" z="10" />
   </Platform>
   <Platform level="1">
		<Position x="8" y="0" z="25" />
		<Rotation>0</Rotation>
		<Scale x="3" y="1" z="5" />
	</Platform>
	<Platform level="1">
		<Position x="-8" y="0" z="25" />
		<Rotation>0</Rotation>
		<Scale x="3" y="1" z="5" />
   </Platform>
   <Platform level="1">
		<Position x="0" y="0" z="45" />
		<Rotation>0</Rotation>
		<Scale x="3" y="1" z="5" />
   </Platform>
   </Platforms>
   <Towers>
   <Tower type="1">
		<Position x="12" y="0" z="27" />
		<Rotation>0</Rotation>
		<Scale x="3" y="2" z="3" />
   </Tower>
   <Tower type="1">
		<Position x="-12" y="0" z="27" />
		<Rotation>0</Rotation>
		<Scale x="3" y="2" z="3" />
   </Tower>
   <Tower type="1">
		<Position x="0" y="0" z="27" />
		<Rotation>0</Rotation>
		<Scale x="3" y="2" z="3" />
   </Tower>
   <Tower type="1">
		<Position x="0" y="0" z="49" />
		<Rotation>0</Rotation>
		<Scale x="3" y="1" z="3" />
   </Tower>
   </Towers>
   <Targets>
   <Target type="1">
		<Position x="0" y="2" z="26" />
		<Rotation>0</Rotation>
   </Target>
   <Target type="1">
		<Position x="-12" y="2" z="26" />
		<Rotation>0</Rotation>
   </Target>
   <Target type="1">
		<Position x="12" y="2" z="26" />
		<Rotation>0</Rotation>
   </Target>
   <Target type="1">
		<Position x="0" y="2" z="48" />
		<Rotation>0</Rotation>
   </Target>
   </Targets>
</LevelData>