<LevelData>
  <Stats>
    <Tags A="man" B="---" C="---" D="---" E="---" F="---" />
    <Secs A="13.02" B="999.99" C="999.99" D="999.99" E="999.99" F="999.99" />
    <Fras A="00463" B="99999" C="99999" D="99999" E="99999" F="99999" />
    <Shts A="005" B="999" C="999" D="999" E="999" F="999" />
  </Stats>
  <PlayerStart>
    <Position x="0" y="2" z="0" />
    <Rotation>0</Rotation>
  </PlayerStart>
  <Goal>
    <Position x="-12" y="0" z="76.5" />
    <Rotation>0</Rotation>
    <Scale x="3" y="100" z="3" />
  </Goal>
  <Platforms>
    <Platform level="5">
      <Position x="0" y="0" z="0" />
      <Rotation>0</Rotation>
      <Scale x="10" y="1" z="10" />
    </Platform>
    <Platform level="1">
      <Position x="0" y="0" z="10" />
      <Rotation>0</Rotation>
      <Scale x="1" y="1" z="10" />
    </Platform>
    <Platform level="1">
      <Position x="9.5" y="0" z="15.5" />
      <Rotation>0</Rotation>
      <Scale x="20" y="1" z="1" />
    </Platform>
    <Platform level="1">
      <Position x="20" y="0" z="30" />
      <Rotation>0</Rotation>
      <Scale x="1" y="1" z="30" />
    </Platform>
    <Platform level="1">
      <Position x="9.5" y="0" z="45.5" />
      <Rotation>0</Rotation>
      <Scale x="22" y="1" z="1" />
    </Platform>
	<Platform level="1">
      <Position x="-2" y="0" z="47.5" />
      <Rotation>0</Rotation>
      <Scale x="1" y="1" z="5" />
    </Platform>
	<Platform level="1">
      <Position x="-6.5" y="0" z="50.5" />
      <Rotation>0</Rotation>
      <Scale x="10" y="1" z="1" />
    </Platform>
	<Platform level="1">
      <Position x="-12" y="0" z="60" />
      <Rotation>0</Rotation>
      <Scale x="1" y="1" z="20" />
    </Platform>
	<Platform level="5">
      <Position x="-12" y="0" z="72.5" />
      <Rotation>0</Rotation>
      <Scale x="5" y="1" z="5" />
    </Platform>
  </Platforms>
  <Towers>
  <Tower type="2">
      <Position x="0" y="2" z="30" />
      <Rotation>0</Rotation>
      <Scale x="1" y="1" z="1" />
    </Tower>
	<Tower type="2">
      <Position x="12.5" y="2" z="30" />
      <Rotation>0</Rotation>
      <Scale x="1" y="1" z="1" />
    </Tower>
	<Tower type="2">
      <Position x="30" y="2" z="30" />
      <Rotation>0</Rotation>
      <Scale x="1" y="1" z="1" />
    </Tower>
	<Tower type="2">
      <Position x="9" y="2" z="60" />
      <Rotation>0</Rotation>
      <Scale x="1" y="1" z="1" />
    </Tower>
  </Towers>
  <Targets>
  <Target type="1">
      <Position x="0" y="3" z="30" />
      <Rotation>0</Rotation>
    </Target>
	<Target type="1">
      <Position x="12.5" y="3" z="30" />
      <Rotation>0</Rotation>
    </Target>
	<Target type="1">
      <Position x="30" y="3" z="30" />
      <Rotation>0</Rotation>
    </Target>
	<Target type="1">
      <Position x="9" y="3" z="60" />
      <Rotation>0</Rotation>
    </Target>
  </Targets>
</LevelData>