﻿<?xml version="1.0" encoding="utf-8"?>
<LevelData>
  <Stats>
    <Tags A="JAC" B="CJD" C="---" D="---" E="---" F="---" />
    <Secs A="21.01" B="40.77" C="999.99" D="999.99" E="999.99" F="999.99" />
    <Fras A="00654" B="01354" C="99999" D="99999" E="99999" F="99999" />
    <Shts A="021" B="021" C="999" D="999" E="999" F="999" />
  </Stats>
  <PlayerStart>
    <Position x="0" y="1.5" z="25" />
    <Rotation>1</Rotation>
  </PlayerStart>
  <Goal>
    <Position x="14.87" y="0" z="-10.39" />
    <Rotation>0</Rotation>
  </Goal>
  <Platforms>
    <Platform level="1">
      <Position x="0" y="0" z="25" />
      <Rotation x="0" y="0" z="0" />
      <Scale x="5" y="1" z="5" />
    </Platform>
    <Platform level="2">
      <Position x="-6.2" y="0" z="19.31" />
      <Rotation x="0" y="0" z="0" />
      <Scale x="2.521605" y="1" z="5" />
    </Platform>
    <Platform level="3">
      <Position x="0" y="2.2" z="15" />
      <Rotation x="0" y="0" z="0" />
      <Scale x="5" y="1" z="5" />
    </Platform>
    <Platform level="4">
      <Position x="-7.01" y="4.17" z="10" />
      <Rotation x="0" y="0" z="0" />
      <Scale x="5" y="1" z="9.850872" />
    </Platform>
    <Platform level="5">
      <Position x="-2.01" y="7.56" z="5" />
      <Rotation x="0" y="0" z="0" />
      <Scale x="5" y="1" z="5" />
    </Platform>
    <Platform level="1">
      <Position x="-13.61" y="5.88" z="4.23" />
      <Rotation x="0" y="0" z="0" />
      <Scale x="7.521823" y="1" z="6.744884" />
    </Platform>
    <Platform level="2">
      <Position x="11.72" y="7.56" z="5" />
      <Rotation x="0" y="0" z="0" />
      <Scale x="2.422293" y="1" z="5" />
    </Platform>
    <Platform level="3">
      <Position x="11.72" y="4.88" z="12.47" />
      <Rotation x="0" y="0" z="0" />
      <Scale x="2.422293" y="1" z="5" />
    </Platform>
    <Platform level="4">
      <Position x="11.72" y="2.18" z="19.45" />
      <Rotation x="0" y="0" z="0" />
      <Scale x="2.422293" y="1" z="5" />
    </Platform>
    <Platform level="5">
      <Position x="11.72" y="-5.22" z="25.63" />
      <Rotation x="0" y="0" z="0" />
      <Scale x="2.422293" y="1" z="12.70005" />
    </Platform>
    <Platform level="1">
      <Position x="13.48" y="-5.22" z="29.99" />
      <Rotation x="0" y="0" z="0" />
      <Scale x="0.9441208" y="1" z="3.985115" />
    </Platform>
    <Platform level="2">
      <Position x="15.28" y="-5.22" z="16.3" />
      <Rotation x="0" y="0" z="0" />
      <Scale x="2.422293" y="1" z="31.45024" />
    </Platform>
    <Platform level="3">
      <Position x="-2.47" y="-3.79" z="27.08" />
      <Rotation x="0" y="0" z="0" />
      <Scale x="2.422293" y="1" z="2.741919" />
    </Platform>
  </Platforms>
  <Towers>
    <Tower>
      <Position x="13.47" y="0.32" z="14.03" />
      <Rotation x="0" y="0" z="0" />
      <Scale x="0.8643653" y="22.04989" z="27.64343" />
    </Tower>
  </Towers>
  <Targets>
    <Target type="1">
      <Position x="-2.568" y="-2.186" z="27.266" />
      <Rotation>0</Rotation>
    </Target>
    <Target type="1">
      <Position x="11.74" y="9.34" z="4.44" />
      <Rotation>0</Rotation>
    </Target>
    <Target type="1">
      <Position x="-12.54" y="7.36" z="4.23" />
      <Rotation>0</Rotation>
    </Target>
    <Target type="1">
      <Position x="-6.16" y="5.72" z="10.4" />
      <Rotation>0</Rotation>
    </Target>
    <Target type="1">
      <Position x="-6.28" y="1.62" z="17.8" />
      <Rotation>0</Rotation>
    </Target>
    <Target type="1">
      <Position x="14.68" y="-3.95" z="27.27" />
      <Rotation>0</Rotation>
    </Target>
    <Target type="1">
      <Position x="15.02" y="-3.95" z="20.42" />
      <Rotation>0</Rotation>
    </Target>
    <Target type="1">
      <Position x="15.18" y="-3.95" z="13.25" />
      <Rotation>0</Rotation>
    </Target>
    <Target type="1">
      <Position x="15.45" y="-3.95" z="4.46" />
      <Rotation>0</Rotation>
    </Target>
  </Targets>
</LevelData>