﻿<?xml version="1.0" encoding="utf-8"?>
<LevelData>
  <Stats>
    <Tags A="TST" B="---" C="---" D="---" E="---" F="---" />
    <Secs A="32.21" B="999.99" C="999.99" D="999.99" E="999.99" F="999.99" />
    <Fras A="00833" B="99999" C="99999" D="99999" E="99999" F="99999" />
    <Shts A="013" B="999" C="999" D="999" E="999" F="999" />
  </Stats>
  <PlayerStart>
    <Position x="0" y="1.5" z="25" />
    <Rotation>1</Rotation>
  </PlayerStart>
  <Goal>
    <Position x="0.8" y="0" z="8" />
    <Rotation>0</Rotation>
  </Goal>
  <Platforms>
    <Platform level="1">
      <Position x="0" y="0" z="25" />
      <Rotation x="0" y="0" z="0" />
      <Scale x="5" y="1" z="5" />
    </Platform>
    <Platform level="2">
      <Position x="-12.24" y="0" z="17.66" />
      <Rotation x="0" y="0" z="0" />
      <Scale x="5" y="1" z="5" />
    </Platform>
    <Platform level="3">
      <Position x="-20.9" y="0" z="8.5" />
      <Rotation x="0" y="0" z="0" />
      <Scale x="2.125009" y="1" z="11.62498" />
    </Platform>
    <Platform level="4">
      <Position x="-30.66" y="0" z="-10.6" />
      <Rotation x="0" y="0" z="0" />
      <Scale x="6.75" y="1.35" z="6.749999" />
    </Platform>
    <Platform level="5">
      <Position x="-10.8" y="0" z="-14.3" />
      <Rotation x="0" y="0" z="0" />
      <Scale x="6.983203" y="1.396641" z="6.983203" />
    </Platform>
    <Platform level="1">
      <Position x="4.9" y="3.02" z="-14.3" />
      <Rotation x="0" y="0" z="0" />
      <Scale x="6.983203" y="1.396641" z="6.983203" />
    </Platform>
    <Platform level="2">
      <Position x="18.1" y="10.09" z="4.2" />
      <Rotation x="0" y="0" z="0" />
      <Scale x="9.295662" y="1.4" z="6.983203" />
    </Platform>
    <Platform level="3">
      <Position x="3.4" y="6.4" z="0.6" />
      <Rotation x="0" y="0" z="0" />
      <Scale x="9.295662" y="1.396641" z="6.983203" />
    </Platform>
    <Platform level="4">
      <Position x="14" y="13" z="18" />
      <Rotation x="0" y="0" z="0" />
      <Scale x="9.295662" y="1.4" z="6.983203" />
    </Platform>
    <Platform level="5">
      <Position x="-1.31" y="16.5" z="17" />
      <Rotation x="0" y="0" z="0" />
      <Scale x="9.295662" y="1.39" z="6.983203" />
    </Platform>
    <Platform level="1">
      <Position x="-1.31" y="19.5" z="7.4" />
      <Rotation x="0" y="0" z="0" />
      <Scale x="9.295662" y="1.396641" z="3.6" />
    </Platform>
  </Platforms>
  <Towers>
    <Tower>
      <Position x="-2.4" y="0" z="-5.6" />
      <Rotation x="0" y="0" z="0" />
      <Scale x="13.74637" y="51.5489" z="13.74637" />
    </Tower>
    <Tower>
      <Position x="-7.1" y="0" z="0.9" />
      <Rotation x="0" y="0" z="0" />
      <Scale x="12.08568" y="45.32129" z="12.08568" />
    </Tower>
    <Tower>
      <Position x="9" y="0" z="10.7" />
      <Rotation x="0" y="0" z="0" />
      <Scale x="13.72209" y="51.45787" z="13.7221" />
    </Tower>
    <Tower>
      <Position x="-5.6" y="0" z="13.7" />
      <Rotation x="0" y="-0.3328243" z="0" />
      <Scale x="18.42072" y="15" z="1.826407" />
    </Tower>
  </Towers>
  <Targets>
    <Target type="1">
      <Position x="-11.2" y="8.76" z="13.74" />
      <Rotation>0</Rotation>
    </Target>
    <Target type="1">
      <Position x="-0.44" y="8.71" z="13.74" />
      <Rotation>0</Rotation>
    </Target>
    <Target type="1">
      <Position x="-21.02" y="1.87" z="4.06" />
      <Rotation>0</Rotation>
    </Target>
    <Target type="1">
      <Position x="-30.59" y="2.09" z="-9.92" />
      <Rotation>0</Rotation>
    </Target>
    <Target type="1">
      <Position x="5.31" y="4.94" z="-16.54" />
      <Rotation>0</Rotation>
    </Target>
    <Target type="1">
      <Position x="17.04" y="15.27" z="20.15" />
      <Rotation>0</Rotation>
    </Target>
    <Target type="1">
      <Position x="1.31" y="18.74" z="15.92" />
      <Rotation>0</Rotation>
    </Target>
    <Target type="1">
      <Position x="8.4" y="27" z="9.8" />
      <Rotation>0</Rotation>
    </Target>
    <Target type="1">
      <Position x="-8.53" y="27.02" z="-11.88" />
      <Rotation>0</Rotation>
    </Target>
    <Target type="1">
      <Position x="3.45" y="8.53" z="2.53" />
      <Rotation>0</Rotation>
    </Target>
  </Targets>
</LevelData>