﻿<?xml version="1.0" encoding="utf-8"?>
<LevelData>
  <Stats>
    <Tags A="TST" B="---" C="---" D="---" E="---" F="---" />
    <Secs A="10.44" B="999.99" C="999.99" D="999.99" E="999.99" F="999.99" />
    <Fras A="00605" B="99999" C="99999" D="99999" E="99999" F="99999" />
    <Shts A="006" B="999" C="999" D="999" E="999" F="999" />
  </Stats>
  <PlayerStart>
    <Position x="0" y="1.5" z="25" />
    <Rotation>1</Rotation>
  </PlayerStart>
  <Goal>
    <Position x="0" y="0" z="31.53" />
    <Rotation>0</Rotation>
  </Goal>
  <Platforms>
    <Platform level="1">
      <Position x="0" y="0" z="25" />
      <Rotation x="0" y="0" z="0" />
      <Scale x="5" y="1" z="5" />
    </Platform>
    <Platform level="2">
      <Position x="-2.6" y="0" z="-6.1" />
      <Rotation x="0" y="0" z="0" />
      <Scale x="60.79938" y="1" z="35.55" />
    </Platform>
    <Platform level="3">
      <Position x="-12.16" y="3.23" z="25.2" />
      <Rotation x="0" y="0" z="0" />
      <Scale x="9.863541" y="1" z="5" />
    </Platform>
    <Platform level="4">
      <Position x="-23.72" y="4.33" z="23.64" />
      <Rotation x="0" y="0" z="0" />
      <Scale x="3.694781" y="1" z="8.204417" />
    </Platform>
    <Platform level="5">
      <Position x="-23.27" y="5.7" z="8.38" />
      <Rotation x="0" y="0" z="0" />
      <Scale x="5" y="1" z="5" />
    </Platform>
  </Platforms>
  <Towers>
    <Tower>
      <Position x="2.4" y="2.4" z="-5.8" />
      <Rotation x="0" y="0" z="0" />
      <Scale x="16.82479" y="15" z="1.225528" />
    </Tower>
    <Tower>
      <Position x="-11.55" y="3.17" z="-12.88" />
      <Rotation x="0" y="0" z="0" />
      <Scale x="4" y="15" z="4" />
    </Tower>
    <Tower>
      <Position x="-21.74" y="3.55" z="-11.84" />
      <Rotation x="0" y="0" z="0" />
      <Scale x="4" y="6.454208" z="4" />
    </Tower>
    <Tower>
      <Position x="-21.81" y="4.14" z="-14.33" />
      <Rotation x="0" y="0" z="0" />
      <Scale x="18.23151" y="15" z="0.9819994" />
    </Tower>
    <Tower>
      <Position x="-18.95" y="3.88" z="5.24" />
      <Rotation x="0" y="0" z="0" />
      <Scale x="14.16748" y="15" z="4" />
    </Tower>
    <Tower>
      <Position x="-10.76" y="2.75" z="0.31" />
      <Rotation x="0" y="0" z="0" />
      <Scale x="2.206196" y="15" z="17.67081" />
    </Tower>
    <Tower>
      <Position x="-3.53" y="3.26" z="1.66" />
      <Rotation x="0" y="0" z="0" />
      <Scale x="4" y="15" z="13.6293" />
    </Tower>
    <Tower>
      <Position x="7.49" y="2.83" z="7.37" />
      <Rotation x="0" y="0" z="0" />
      <Scale x="13.16418" y="15" z="1.421456" />
    </Tower>
    <Tower>
      <Position x="7.2" y="2.83" z="2.14" />
      <Rotation x="0" y="90" z="0" />
      <Scale x="9.578657" y="15" z="1.421456" />
    </Tower>
    <Tower>
      <Position x="-24.78" y="3.88" z="-2.17" />
      <Rotation x="0" y="270" z="0" />
      <Scale x="17.5976" y="7.766025" z="2.385188" />
    </Tower>
    <Tower>
      <Position x="5.3" y="3.2" z="-12.9" />
      <Rotation x="0" y="0" z="0" />
      <Scale x="31.3456" y="5.512345" z="4" />
    </Tower>
    <Tower>
      <Position x="19" y="3.3" z="-1.08" />
      <Rotation x="0" y="0" z="0" />
      <Scale x="4" y="5.709549" z="19.57399" />
    </Tower>
  </Towers>
  <Targets>
    <Target type="1">
      <Position x="0" y="1.66" z="-4.24" />
      <Rotation>0</Rotation>
    </Target>
    <Target type="1">
      <Position x="-21.9" y="7.89" z="-12.38" />
      <Rotation>0</Rotation>
    </Target>
    <Target type="1">
      <Position x="-23.4" y="1.7" z="9.54" />
      <Rotation>0</Rotation>
    </Target>
    <Target type="1">
      <Position x="-13.14" y="1.7" z="1.91" />
      <Rotation>0</Rotation>
    </Target>
    <Target type="1">
      <Position x="4.99" y="1.66" z="5.06" />
      <Rotation>0</Rotation>
    </Target>
  </Targets>
</LevelData>