<LevelData>
  <Stats>
    <Tags A="BHS" B="pet" C="PET" D="www" E="JAC" F="---" />
    <Secs A="20.01" B="24.89" C="25.02" D="26.29" E="37.75" F="999.99" />
    <Fras A="01084" B="01350" C="00455" D="01034" E="00984" F="99999" />
    <Shts A="016" B="014" C="009" D="005" E="013" F="999" />
  </Stats>
  <PlayerStart>
    <Position x="0" y="2.23" z="50.09" />
    <Rotation>1</Rotation>
  </PlayerStart>
  <Goal>
    <Position x="0" y="0" z="-10" />
    <Rotation>0</Rotation>
  </Goal>
  <Platforms>
    <Platform level="1">
      <Position x="0" y="0" z="50" />
      <Rotation x="0" y="0" z="0" />
      <Scale x="5" y="1" z="5" />
    </Platform>
    <Platform level="1">
      <Position x="0" y="0" z="40" />
      <Rotation x="0" y="0" z="0" />
      <Scale x="5" y="1" z="5" />
    </Platform>
    <Platform level="3">
      <Position x="10" y="0" z="30" />
      <Rotation x="0" y="0" z="0" />
      <Scale x="5" y="1" z="5" />
    </Platform>
    <Platform level="1">
      <Position x="0" y="0" z="20" />
      <Rotation x="0" y="0" z="0" />
      <Scale x="5" y="1" z="5" />
    </Platform>
    <Platform level="1">
      <Position x="-10" y="0" z="10" />
      <Rotation x="0" y="0" z="0" />
      <Scale x="5" y="1" z="5" />
    </Platform>
    <Platform level="1">
      <Position x="0" y="0" z="0" />
      <Rotation x="0" y="0" z="0" />
      <Scale x="5" y="1" z="5" />
    </Platform>
  </Platforms>
  <Towers>
    <Tower>
      <Position x="0" y="0" z="30" />
      <Rotation x="0" y="0" z="0" />
      <Scale x="6" y="15" z="6" />
    </Tower>
    <Tower>
      <Position x="0" y="0" z="10" />
      <Rotation x="0" y="0" z="0" />
      <Scale x="5" y="15" z="5" />
    </Tower>
    <Tower>
      <Position x="-1.88" y="-2.42" z="8.99" />
      <Rotation x="0" y="0.3069808" z="0" />
      <Scale x="5" y="15" z="5" />
    </Tower>
    <Tower>
      <Position x="2.53" y="-2.42" z="28.91" />
      <Rotation x="0" y="0.3069808" z="0" />
      <Scale x="6" y="15" z="4" />
    </Tower>
    <Tower>
      <Position x="10.21" y="3.67" z="18.1" />
      <Rotation x="0" y="-0.4030062" z="0" />
      <Scale x="6" y="15" z="4" />
    </Tower>
    <Tower>
      <Position x="-11.32" y="-4.71" z="-4.84" />
      <Rotation x="0" y="-0.8999539" z="0" />
      <Scale x="6" y="15" z="4" />
    </Tower>
  </Towers>
  <Targets>
    <Target type="1">
      <Position x="-9.94" y="4.07" z="-5.41" />
      <Rotation>0.1205799</Rotation>
    </Target>
    <Target type="1">
      <Position x="-12.5" y="4.07" z="-3.0" />
      <Rotation>0.01174817</Rotation>
    </Target>
    <Target type="1">
      <Position x="-4.13" y="6.36" z="9.04" />
      <Rotation>-0.5261152</Rotation>
    </Target>
    <Target type="1">
      <Position x="-1.86" y="8.95" z="11.66" />
      <Rotation>-0.5261152</Rotation>
    </Target>
    <Target type="1">
      <Position x="0.09" y="8.95" z="11.82" />
      <Rotation>-0.1062147</Rotation>
    </Target>
    <Target type="1">
      <Position x="1.26" y="8.95" z="8.6" />
      <Rotation>-0.9994404</Rotation>
    </Target>
    <Target type="1">
      <Position x="8.03" y="12.47" z="16.93" />
      <Rotation>-0.7221892</Rotation>
    </Target>
    <Target type="1">
      <Position x="10.73" y="12.47" z="19.6" />
      <Rotation>-0.3641264</Rotation>
    </Target>
    <Target type="1">
      <Position x="1.77" y="8.99" z="31.64" />
      <Rotation>0.354191</Rotation>
    </Target>
    <Target type="1">
      <Position x="-1.33" y="8.99" z="31.95" />
      <Rotation>-0.08619083</Rotation>
    </Target>
    <Target type="1">
      <Position x="0.08" y="8.99" z="28.34" />
      <Rotation>-0.9938874</Rotation>
    </Target>
    <Target type="1">
      <Position x="3.74" y="6.53" z="27.29" />
      <Rotation>-0.8033136</Rotation>
    </Target>
    <Target type="1">
      <Position x="11.77" y="1.85" z="29.96" />
      <Rotation>-0.7581232</Rotation>
    </Target>
    <Target type="1">
      <Position x="-11.46" y="1.85" z="10.37" />
      <Rotation>0.7272351</Rotation>
    </Target>
    <Target type="1">
      <Position x="-1.48" y="1.85" z="38.67" />
      <Rotation>0.2410478</Rotation>
    </Target>
  </Targets>
</LevelData>