﻿<?xml version="1.0" encoding="utf-8"?>
<LevelData>
  <Stats>
    <Tags A="Dur" B="---" C="---" D="---" E="---" F="---" />
    <Secs A="21.19" B="999.99" C="999.99" D="999.99" E="999.99" F="999.99" />
    <Fras A="00658" B="99999" C="99999" D="99999" E="99999" F="99999" />
    <Shts A="015" B="999" C="999" D="999" E="999" F="999" />
  </Stats>
  <PlayerStart>
    <Position x="0" y="1.5" z="25" />
    <Rotation>1</Rotation>
  </PlayerStart>
  <Goal>
    <Position x="13" y="0" z="-61.8" />
    <Rotation>0</Rotation>
  </Goal>
  <Platforms>
    <Platform level="1">
      <Position x="0" y="0" z="25" />
      <Rotation x="0" y="0" z="0" />
      <Scale x="5" y="1" z="5" />
    </Platform>
    <Platform level="2">
      <Position x="4.1" y="0" z="5.8" />
      <Rotation x="0" y="0" z="0" />
      <Scale x="5" y="1" z="8.29642" />
    </Platform>
    <Platform level="3">
      <Position x="13.1" y="0" z="-24.3" />
      <Rotation x="0" y="0" z="0" />
      <Scale x="7.776331" y="1" z="7.286885" />
    </Platform>
    <Platform level="4">
      <Position x="3.4" y="0" z="-40.3" />
      <Rotation x="0" y="0" z="0" />
      <Scale x="5" y="1" z="5" />
    </Platform>
    <Platform level="5">
      <Position x="2.3" y="0" z="-12.6" />
      <Rotation x="0" y="0" z="0" />
      <Scale x="5" y="1" z="5" />
    </Platform>
  </Platforms>
  <Towers>
    <Tower>
      <Position x="19.3" y="0" z="-27.8" />
      <Rotation x="0" y="0" z="0" />
      <Scale x="8.615137" y="32.30676" z="8.615137" />
    </Tower>
    <Tower>
      <Position x="12.2" y="-9.4" z="-56.8" />
      <Rotation x="0" y="0" z="0" />
      <Scale x="4" y="15" z="4" />
    </Tower>
    <Tower>
      <Position x="3.3" y="0" z="-49.2" />
      <Rotation x="0" y="0" z="0" />
      <Scale x="4" y="15" z="4" />
    </Tower>
    <Tower>
      <Position x="13.5" y="-4.31" z="-33.3" />
      <Rotation x="0" y="0" z="0" />
      <Scale x="7.041994" y="26.40747" z="7.041993" />
    </Tower>
    <Tower>
      <Position x="-1.2" y="0" z="-44.4" />
      <Rotation x="0" y="0" z="0" />
      <Scale x="7.216939" y="27.06352" z="7.21694" />
    </Tower>
    <Tower>
      <Position x="-4.6" y="0" z="-20.9" />
      <Rotation x="0" y="0" z="0" />
      <Scale x="14.24539" y="53.42019" z="14.24538" />
    </Tower>
    <Tower>
      <Position x="13.2" y="0" z="-17.4" />
      <Rotation x="0" y="0" z="0" />
      <Scale x="7.991628" y="29.96861" z="7.991629" />
    </Tower>
    <Tower>
      <Position x="-3.2" y="0" z="-12.1" />
      <Rotation x="0" y="0" z="0" />
      <Scale x="6.858475" y="25.71928" z="6.858474" />
    </Tower>
    <Tower>
      <Position x="9.6" y="0" z="1.9" />
      <Rotation x="0" y="0" z="0" />
      <Scale x="8.8922" y="33.34575" z="8.8922" />
    </Tower>
    <Tower>
      <Position x="11.32" y="9.93" z="-17.31" />
      <Rotation x="0" y="0" z="0" />
      <Scale x="1.731618" y="29.96861" z="7.991629" />
    </Tower>
  </Towers>
  <Targets>
    <Target type="1">
      <Position x="13.36" y="17" z="-17.42" />
      <Rotation>0</Rotation>
    </Target>
    <Target type="1">
      <Position x="1.5" y="14.7" z="-41.8" />
      <Rotation>0</Rotation>
    </Target>
    <Target type="1">
      <Position x="12.5" y="-0.7" z="-56.9" />
      <Rotation>0</Rotation>
    </Target>
    <Target type="1">
      <Position x="4.4" y="2" z="-39.7" />
      <Rotation>0</Rotation>
    </Target>
    <Target type="1">
      <Position x="-4" y="14.1" z="-9.4" />
      <Rotation>0</Rotation>
    </Target>
    <Target type="1">
      <Position x="15.8" y="2" z="-22.5" />
      <Rotation>0</Rotation>
    </Target>
    <Target type="1">
      <Position x="3.7" y="2" z="-13.7" />
      <Rotation>0</Rotation>
    </Target>
    <Target type="1">
      <Position x="3.5" y="1.8" z="7.4" />
      <Rotation>0</Rotation>
    </Target>
  </Targets>
</LevelData>